http://speedtest.sherwoodbroadband.com:8080/speedtest/upload.php,45.3563,-122.8403
http://speedtest.lsnetworks.net:8080/speedtest/upload.php,45.5236,-122.6750
http://portland.speedtest.centurylink.net:8080/speedtest/upload.php,45.5236,-122.6750
http://stosat-bvrt-01.sys.comcast.net:8080/speedtest/upload.php,45.5236,-122.6750
http://pdx-speedtest.integra.net:8080/speedtest/upload.php,45.5236,-122.6750
http://speedtest.pdx.fiberfi.net:8080/speedtest/upload.php,45.5236,-122.6750
http://74.85.229.3:8080/speedtest/upload.php,45.5236,-122.6750
http://speedtest.directlink.coop:8080/speedtest/upload.php,45.2623,-122.6921
http://speedtest.onlinenw.com:8080/speedtest/upload.php,45.2103,-123.1975
http://sn-speedtest-02.sandynet.org:8080/speedtest/upload.php,45.3975,-122.2664
http://speedy.colton.com:8080/speedtest/upload.php,45.1721,-122.4375
http://speedtest.viser.com:8080/speedtest/upload.php,44.8432,-122.9529
http://Speed.rconnects.com:8080/speedtest/upload.php,45.2082,-122.0669
http://speedtest2.minetfiber.com:8080/speedtest/upload.php,44.8485,-123.2340
http://dauntless.wvi.com:8080/speedtest/upload.php,44.8007,-122.7945
http://speedtest.peakinternet.com:8080/speedtest/upload.php,44.5708,-123.2760
http://myspeed.gorge.net:8080/speedtest/upload.php,45.7067,-121.5217
http://speedtest.alyrica.net:8080/speedtest/upload.php,44.5401,-123.3676
http://eugene2.speedtest.centurylink.net:8080/speedtest/upload.php,44.0521,-123.0868
http://speedtest.xsmedia.com:8080/speedtest/upload.php,44.0521,-123.0868
http://speedtest.rainierconnect.com:8080/speedtest/upload.php,47.2414,-122.4594
http://ookla1.tacmwa.sprintadp.net:8080/speedtest/upload.php,47.2414,-122.4594
http://speedtest.bendtel.com:8080/speedtest/upload.php,44.0582,-121.3153
http://speedtest-ookla-prod-001-sea.ff.avast.com:8080/speedtest/upload.php,47.4740,-122.2610
http://speedtest.noelcomm.com:8080/speedtest/upload.php,46.6021,-120.5059
http://speedtest.wabroadband.com:8080/speedtest/upload.php,46.6021,-120.5059
http://speedtest-pohe.wavebroadband.com:8080/speedtest/upload.php,47.5403,-122.6362
http://easton.speedtest.bluespan.com:8080/speedtest/upload.php,47.2371,-121.1790
http://speedtest.net253.net:8080/speedtest/upload.php,47.6249,-122.5210
http://seattle.wa.speedtest.frontier.com:8080/speedtest/upload.php,47.6062,-122.3321
http://seattle.speedtest.centurylink.net:8080/speedtest/upload.php,47.6062,-122.3321
http://sea.host.speedtest.net:8080/speedtest/upload.php,47.6062,-122.3321
http://speedtest01.wowrack.com:8080/speedtest/upload.php,47.6062,-122.3321
http://speedtest.sttl.wa.wtsky.net:8080/speedtest/upload.php,47.6062,-122.3321
http://stosat-rvlt-01.sys.comcast.net:8080/speedtest/upload.php,47.6062,-122.3321
http://speedtest.sea.accretive-networks.net:8080/speedtest/upload.php,47.6062,-122.3321
http://speedtest3.us-west-02.greenhousedata.com:8080/speedtest/upload.php,47.6062,-122.3321
http://speedtest.sea01.infrastructure.iboss.cloud:8080/speedtest/upload.php,47.6062,-122.3321
http://seattle.speedtest.bluespanwireless.com:8080/speedtest/upload.php,47.6062,-122.3321
http://fast.rockisland.net:8080/speedtest/upload.php,47.6062,-122.3321
http://ookla1.sttlwa.sprintadp.net:8080/speedtest/upload.php,47.6062,-122.3321
http://speedtest.tuk.metapeer.com:8080/speedtest/upload.php,47.6062,-122.3321
http://lg.sea-z.fdcservers.net:8080/speedtest/upload.php,47.6062,-122.3321
http://speedtest-seattle.hyperexpert.com:8080/speedtest/upload.php,47.6062,-122.3321
http://speedtest.dfn.net:8080/speedtest/upload.php,43.2180,-123.3560
http://everett.wa.speedtest.frontier.com:8080/speedtest/upload.php,47.9790,-122.2021
http://ost.whidbey.net:8080/speedtest/upload.php,48.0401,-122.4063
http://speedtest.eotnet.net:8080/speedtest/upload.php,45.8411,-119.2917
http://speedtest.localtel.net:8080/speedtest/upload.php,47.4214,-120.2881
http://speedtest-p-0.infra.xytel.net:8080/speedtest/upload.php,46.2087,-119.1199
http://speedtest.gv.shawcable.net:8080/speedtest/upload.php,48.4222,-123.3657
http://hv1.juce.ca:8080/speedtest/upload.php,48.4222,-123.3657
http://speedtest5.wtechlink.com:8080/speedtest/upload.php,45.6722,-118.7875
http://speedtest.ifiber.tv:8080/speedtest/upload.php,47.3170,-119.5481
http://speedtest.cityofanacortes.org:8080/speedtest/upload.php,48.5126,-122.6127
http://speedtest.as26370.net:8080/speedtest/upload.php,48.5243,-122.9132
http://speedtest.huntercom.net:8080/speedtest/upload.php,42.3760,-122.9164
http://spt01mdfdor.mdfd.or.charter.com:8080/speedtest/upload.php,42.3267,-122.8744
http://speedtest.uppercasecs.com:8080/speedtest/upload.php,42.3267,-122.8744
http://speedtest5.us-west-02.greenhousedata.com:8080/speedtest/upload.php,48.7502,-122.4750
http://speedtest.columbiainet.com:8080/speedtest/upload.php,46.0650,-118.3303
http://speedtestnet1.eoni.com:8080/speedtest/upload.php,45.3272,-118.0933
http://speedtest.fireserve.com:8080/speedtest/upload.php,42.2234,-121.7776
http://speedtest.deltacable.com:8080/speedtest/upload.php,49.0902,-123.0652
http://sp1.600amps.net:8080/speedtest/upload.php,42.0547,-124.2889
http://216.7.123.7:8080/speedtest/upload.php,41.9650,-121.9189
http://speedtest.unet.ca:8080/speedtest/upload.php,49.2488,-122.9805
http://vancouver2.speedtest.telus.com:8080/speedtest/upload.php,49.2505,-123.1119
http://vancouver.speedtest.telus.com:8080/speedtest/upload.php,49.2505,-123.1119
http://vancnspd01.srvr.bell.ca:8080/speedtest/upload.php,49.2505,-123.1119
http://speedtest.vc.shawcable.net:8080/speedtest/upload.php,49.2505,-123.1119
http://west-speedtest.frontiernetworks.ca:8080/speedtest/upload.php,49.2505,-123.1119
http://speedtest.skywaywest.net:8080/speedtest/upload.php,49.2505,-123.1119
http://speedtest-van.terago.ca:8080/speedtest/upload.php,49.2505,-123.1119
http://speedtest.ubc.ca:8080/speedtest/upload.php,49.2505,-123.1119
http://speedtest.bc.net:8080/speedtest/upload.php,49.2505,-123.1119
http://speedtest-van.teksavvy.com:8080/speedtest/upload.php,49.2505,-123.1119
http://van.net.gov.bc.ca:8080/speedtest/upload.php,49.2505,-123.1119
http://speedtestbcvan.rogers.com:8080/speedtest/upload.php,49.2505,-123.1119
http://speedtest.aebc.com:8080/speedtest/upload.php,49.2505,-123.1119
http://speedtest.astuteinternet.com:8080/speedtest/upload.php,49.2827,-123.1207
http://bandwidth.sisqtel.net:8080/speedtest/upload.php,41.6072,-122.8419
http://speedtest.nwfiber.com:8080/speedtest/upload.php,46.8802,-117.3643
http://speedtest.inlandcell.com:8080/speedtest/upload.php,46.4004,-117.0012
http://ookla-speedtest.fsr.com:8080/speedtest/upload.php,46.7324,-117.0002
http://spokane.speedtest.centurylink.net:8080/speedtest/upload.php,47.6589,-117.4250
http://speedtest.cet.com:8080/speedtest/upload.php,47.6589,-117.4250
http://frld1-speedtest.fmtc.com:8080/speedtest/upload.php,44.0077,-116.9165
http://speedtest33.suddenlink.net:8080/speedtest/upload.php,40.8019,-124.1636
http://ookla1.collegeofidaho.edu:8080/speedtest/upload.php,43.6629,-116.6874
http://ookla.airbridgebroadband.com:8080/speedtest/upload.php,46.1449,-115.9779
http://speedtest.ok.shawcable.net:8080/speedtest/upload.php,49.8988,-119.4097
http://test.shastacoe.net:8080/speedtest/upload.php,40.5833,-122.3667
http://sp3.basinbroadband.ca:8080/speedtest/upload.php,49.0950,-117.7100
http://boi-speedtest.syringanetworks.net:8080/speedtest/upload.php,43.6137,-116.2376
http://boise.speedtest.centurylink.net:8080/speedtest/upload.php,43.6137,-116.2376
http://boi-speedtest.tekfinity.net:8080/speedtest/upload.php,43.6137,-116.2376
http://speedtest1.columbiawireless.ca:8080/speedtest/upload.php,49.5000,-117.2833
http://speedtest.masconcable.ca:8080/speedtest/upload.php,50.7022,-119.2722
http://198.204.208.181:8080/speedtest/upload.php,39.9364,-120.9481
http://198.204.208.180:8080/speedtest/upload.php,39.7400,-121.8356
http://speedtest.cybernet1.com:8080/speedtest/upload.php,46.2483,-114.1597
http://sp1.basinbroadband.ca:8080/speedtest/upload.php,49.5136,-115.7686
http://speedtestserver.blackfoot.com:8080/speedtest/upload.php,46.5145,-114.0117
http://spt01msslmt.mssl.mt.charter.com:8080/speedtest/upload.php,46.5145,-114.0117
http://speedtest.monasheemountainmultimedia.com:8080/speedtest/upload.php,50.9981,-118.1957
http://speedtest3.fybercom.net:8080/speedtest/upload.php,45.1758,-113.8959
http://rnospeed.switch.com:8080/speedtest/upload.php,39.5545,-119.8062
http://spt01renonv.reno.nv.charter.com:8080/speedtest/upload.php,39.5545,-119.8062
http://speedtest1.sbbnet.com:8080/speedtest/upload.php,38.8986,-121.0744
http://stosat-scrm-01.sys.comcast.net:8080/speedtest/upload.php,38.5556,-121.4689
http://sac1sp1.qtsdatacenters.com:8080/speedtest/upload.php,38.5556,-121.4689
http://speedtest1.succeed.net:8080/speedtest/upload.php,38.5556,-121.4689
http://speedtest.simplycyber.net:8080/speedtest/upload.php,42.5357,-113.7928
http://speedtest.softcom.net:8080/speedtest/upload.php,38.2547,-121.2989
http://speedtest-alb-2.atcnet.net:8080/speedtest/upload.php,42.4108,-113.5808
http://speedtest.mt.net:8080/speedtest/upload.php,46.5958,-112.0270
http://helenast.northcentraltower.com:8080/speedtest/upload.php,46.5958,-112.0270
http://helena.speedtest.centurylink.net:8080/speedtest/upload.php,46.5958,-112.0270
http://caf01.vision.net:8080/speedtest/upload.php,46.5958,-112.0270
http://ookla1.sktnca.sprintadp.net:8080/speedtest/upload.php,37.9577,-121.2908
http://speedtest.openfiber.net:8080/speedtest/upload.php,37.8395,-122.2892
http://speedtest02.openfiber.net:8080/speedtest/upload.php,37.8044,-122.2711
http://www.unwiredltd.com:8080/speedtest/upload.php,37.7749,-122.4194
http://sfosfookla.wiline.com:8080/speedtest/upload.php,37.7749,-122.4194
http://speedtest.fastmetrics.com:8080/speedtest/upload.php,37.7749,-122.4194
http://stosat-scla-01.sys.comcast.net:8080/speedtest/upload.php,37.7749,-122.4194
http://Speedtest-200P.wavebroadband.com:8080/speedtest/upload.php,37.7749,-122.4194
http://sf-speedtest.race.com:8080/speedtest/upload.php,37.7749,-122.4194
http://speedtest1.directcom.com:8080/speedtest/upload.php,42.5733,-112.8764
http://speedtest.mntcca.ayera.net:8080/speedtest/upload.php,37.7974,-121.2161
http://speedtest.velocitynetworks.ca:8080/speedtest/upload.php,51.1910,-114.4679
http://speedtest.whipcord.net:8080/speedtest/upload.php,49.6934,-112.8418
http://speedtest.tekify.com:8080/speedtest/upload.php,37.5483,-121.9886
http://speedtest.fmt2.converseincode.net:8080/speedtest/upload.php,37.5483,-121.9886
http://sjcsp.netinformatik.com:8080/speedtest/upload.php,37.5483,-121.9886
http://speedtest.qwk.net:8080/speedtest/upload.php,43.4918,-112.0325
http://idf-speedtest.syringanetworks.net:8080/speedtest/upload.php,43.4918,-112.0325
http://idahofalls1.cabospeed.com:8080/speedtest/upload.php,43.4918,-112.0325
http://calgary2.speedtest.telus.com:8080/speedtest/upload.php,51.0486,-114.0708
http://speedtestcalgary.rogers.com:8080/speedtest/upload.php,51.0486,-114.0708
http://clgqaspd01.srvr.bell.ca:8080/speedtest/upload.php,51.0452,-114.0630
http://speedtest2.fybercom.net:8080/speedtest/upload.php,43.6724,-111.9150
http://calgary.speedtest.telus.com:8080/speedtest/upload.php,51.0450,-114.0572
http://speedtest.cg.shawcable.net:8080/speedtest/upload.php,51.0450,-114.0572
http://speedtest.cybera.ca:8080/speedtest/upload.php,51.0450,-114.0572
http://speedtest.cciwireless.ca:8080/speedtest/upload.php,51.0450,-114.0572
http://ammon-st.sumofiber.com:8080/speedtest/upload.php,43.4696,-111.9666
http://speedtest.fybercom.net:8080/speedtest/upload.php,43.4696,-111.9666
http://speedtest.rimrockwireless.net:8080/speedtest/upload.php,43.4696,-111.9666
http://paloalto.ca.speedtest.frontier.com:8080/speedtest/upload.php,37.4418,-122.1430
http://speedtest.byui.edu:8080/speedtest/upload.php,43.8167,-111.7833
http://spr.fybercom.net:8080/speedtest/upload.php,43.8167,-111.7833
http://speedtest.us-sc.kamatera.com:8080/speedtest/upload.php,37.3541,-121.9552
http://test.nextlevel.net:8080/speedtest/upload.php,37.3541,-121.9552
http://speedtest.egihosting.com:8080/speedtest/upload.php,37.3541,-121.9552
http://ooklaserver.theglobal.net:8080/speedtest/upload.php,45.7762,-111.1771
http://speedtest.razzolink.com:8080/speedtest/upload.php,37.3382,-121.8863
http://speedtest.ridgewireless.net:8080/speedtest/upload.php,37.3230,-122.0322
http://speedtest.sjc.sonic.net:8080/speedtest/upload.php,37.3041,-121.8727
http://ookla1.snjsca.sprintadp.net:8080/speedtest/upload.php,37.3041,-121.8727
http://speedtest.montana.edu:8080/speedtest/upload.php,45.6797,-111.0378
http://speedtest.boz.mt-opticom.com:8080/speedtest/upload.php,45.6797,-111.0378
http://speedtestserver.garlic.com:8080/speedtest/upload.php,37.0849,-121.6102
http://speedtest01.o-net.ca:8080/speedtest/upload.php,51.7920,-114.1052
http://ospeed1.cruzio.com:8080/speedtest/upload.php,36.9719,-122.0264
http://speedtest.hytekcomputers.com:8080/speedtest/upload.php,52.3753,-114.9217
http://speedtest1.logan.wi-fiber.io:8080/speedtest/upload.php,41.7378,-111.8308
http://speedtest.eidnet.org:8080/speedtest/upload.php,50.5657,-111.8978
http://speedtest.silverstar.com:8080/speedtest/upload.php,42.7249,-110.9319
http://ogd1-speedtest.gorillaservers.com:8080/speedtest/upload.php,41.2278,-111.9611
http://ogd-speedtest.zx4.com:8080/speedtest/upload.php,41.2278,-111.9611
http://speedtest.unwiredbb.net:8080/speedtest/upload.php,36.7468,-119.7726
http://sp1.beehivebroadband.com:8080/speedtest/upload.php,40.6808,-112.2631
http://speedtest.sumofiber.com:8080/speedtest/upload.php,40.7500,-111.8833
http://speedtest.firstdigital.com:8080/speedtest/upload.php,40.7500,-111.8833
http://speedtest.xmission.com:8080/speedtest/upload.php,40.7500,-111.8833
http://speedtest.uen.net:8080/speedtest/upload.php,40.7500,-111.8833
http://speedtest.utopiafiber.net:8080/speedtest/upload.php,40.7500,-111.8833
http://saltlakecity2.speedtest.centurylink.net:8080/speedtest/upload.php,40.7500,-111.8833
http://stosat-utah-01.sys.comcast.net:8080/speedtest/upload.php,40.7500,-111.8833
http://slc-speedtest.syringanetworks.net:8080/speedtest/upload.php,40.7500,-111.8833
http://slc-speedtest.integra.net:8080/speedtest/upload.php,40.7500,-111.8833
http://10g.speedtest.iptn.org:8080/speedtest/upload.php,40.7500,-111.8833
http://speedtest.voonami.com:8080/speedtest/upload.php,40.7500,-111.8833
http://speedtest.1wi.co/upload.php,40.7500,-111.8833
http://speedtest.hicountry.net:8080/speedtest/upload.php,40.5141,-112.0330
http://speedtest.utopiafiber.com:8080/speedtest/upload.php,40.6669,-111.8880
http://speedtest.directcom.com:8080/speedtest/upload.php,40.3141,-112.0069
http://speedtest.avative.net:8080/speedtest/upload.php,40.3289,-111.9031
http://speedtest.te.citywest.ca:8080/speedtest/upload.php,54.5165,-128.5997
http://speedtest.wickedfastinternet.com:8080/speedtest/upload.php,40.6461,-111.4980
http://speedtest.utahbroadband.com:8080/speedtest/upload.php,40.6461,-111.4980
http://sp1.ngl.ninja:8080/speedtest/upload.php,41.2633,-110.9647
http://speedtest-west.eastlink.ca:8080/speedtest/upload.php,52.9680,-113.3661
http://sp01.seddt.net:8080/speedtest/upload.php,40.2969,-111.6939
http://speedtest.byu.edu:8080/speedtest/upload.php,40.2444,-111.6608
http://myspeed.allwest.net:8080/speedtest/upload.php,40.6430,-111.2807
http://speedtest.tctwest.net:8080/speedtest/upload.php,44.5233,-109.0572
http://st1.sfcn.org:8080/speedtest/upload.php,40.1150,-111.6549
http://speedtest.pr.citywest.ca:8080/speedtest/upload.php,54.3122,-130.3272
http://spt01blngmt.blng.mt.charter.com:8080/speedtest/upload.php,45.7867,-108.5372
http://billings.speedtest.centurylink.net:8080/speedtest/upload.php,45.7867,-108.5372
http://speedtest.blgt.mt-opticom.com:8080/speedtest/upload.php,45.7867,-108.5372
http://edmonton.speedtest.telus.com:8080/speedtest/upload.php,53.5472,-113.5006
http://speedtest.ed.shawcable.net:8080/speedtest/upload.php,53.5472,-113.5006
http://speedtest.wolfpaw.net:8080/speedtest/upload.php,53.5472,-113.5006
http://speedtest.switch.ca:8080/speedtest/upload.php,53.5472,-113.5006
http://speedtest.ualberta.ca:8080/speedtest/upload.php,53.5472,-113.5006
http://ookla.dc1.sirkit.ca:8080/speedtest/upload.php,53.5472,-113.5006
http://speedtest.macewan.ca:8080/speedtest/upload.php,53.5472,-113.5006
http://speedtest.epl.ca:8080/speedtest/upload.php,53.5444,-113.4909
http://centraspeed.com:8080/speedtest/upload.php,39.6264,-111.4396
http://spt01snloca.snlo.ca.charter.com:8080/speedtest/upload.php,35.2742,-120.6631
http://speed-rocksprings.vcn.com:8080/speedtest/upload.php,41.5908,-109.2225
http://speedtest.valleycom.com:8080/speedtest/upload.php,36.2083,-115.9839
http://windriverinternet.com:8080/speedtest/upload.php,43.0278,-108.3950
http://web3.etv.net:8080/speedtest/upload.php,39.5994,-110.8107
http://ookla.advancedwireless.services:8080/speedtest/upload.php,34.9530,-120.4357
http://sp1.socen.com:8080/speedtest/upload.php,37.6826,-113.0744
http://72.12.244.43:8080/speedtest/upload.php,37.6826,-113.0744
http://sp1.stratanet.com:8080/speedtest/upload.php,40.2986,-109.9942
http://test.rconnects.com:8080/upload.php,36.7889,-114.1431
http://speedtest.infowest.com:8080/speedtest/upload.php,37.0953,-113.5781
http://speedtest.awinetworks.com:8080/speedtest/upload.php,37.0953,-113.5781
http://speedtest.gofiber.tech:8080/speedtest/upload.php,37.0953,-113.5781
http://speedtest.mvdsl.com:8080/speedtest/upload.php,36.5431,-114.4461
http://speedtest.lasvegas.net:8080/speedtest/upload.php,36.1760,-115.1370
http://speedtest.hypernetworks.com:8080/speedtest/upload.php,36.1760,-115.1370
http://speedtest.rd.lv.cox.net:8080/speedtest/upload.php,36.1760,-115.1370
http://lasspeed.switch.com:8080/speedtest/upload.php,36.1760,-115.1370
http://speedtest.serverpoint.com:8080/speedtest/upload.php,36.1760,-115.1370
http://lasvegas.speedtest.centurylink.net:8080/speedtest/upload.php,36.1760,-115.1370
http://ookla-lv-test1.offsitedatasync.com:8080/speedtest/upload.php,36.1760,-115.1370
http://speedtest.kputel.com:8080/speedtest/upload.php,55.3422,-131.6461
http://speed.actaccess.net:8080/speedtest/upload.php,44.7972,-106.9562
http://speedtest.nemont.net:8080/speedtest/upload.php,48.1836,-106.6353
http://camookla.geolinks.com:8080/speedtest/upload.php,34.2164,-119.0376
http://spt01mtpkca.mtpk.ca.charter.com:8080/speedtest/upload.php,34.1855,-118.3146
http://ookla1.brbnca.sprintadp.net:8080/speedtest/upload.php,34.1808,-118.3090
http://mojvca-speedtest1.race.com:8080/speedtest/upload.php,35.0083,-115.4750
http://losangeles.ca.speedtest.frontier.com:8080/speedtest/upload.php,34.0500,-118.2500
http://laspeed.wiline.com:8080/speedtest/upload.php,34.0500,-118.2500
http://speed5.snap.net.nz:8080/speedtest/upload.php,34.0500,-118.2500
http://speedtest.west.rr.com:8080/speedtest/upload.php,34.0500,-118.2500
http://la02.speedtest.windstream.net:8080/speedtest/upload.php,34.0500,-118.2500
http://speedtest.lax2.hostduplex.com:8080/speedtest/upload.php,34.0500,-118.2500
http://speedtest.lax.hivelocity.net:8080/speedtest/upload.php,34.0500,-118.2500
http://ookla.la.ca.sharktech.net:8080/speedtest/upload.php,34.0500,-118.2500
http://howfastwest1.atlanticmetro.net:8080/speedtest/upload.php,34.0500,-118.2500
http://ookla-la.systemsolutionsdevelopment.com:8080/speedtest/upload.php,34.0500,-118.2500
http://speedtest-1.aerioconnect.net:8080/speedtest/upload.php,34.0500,-118.2500
http://speedtest.belairinternet.com:8080/speedtest/upload.php,34.0500,-118.2500
http://speedtest-server-lax.starry.com:8080/speedtest/upload.php,34.0500,-118.2500
http://la-speedtest.cainternet.net:8080/speedtest/upload.php,34.0500,-118.2500
http://lg.la2-c.fdcservers.net:8080/speedtest/upload.php,34.0500,-118.2500
http://speedtest.lax01.xfernet.net:8080/speedtest/upload.php,34.0500,-118.2500
http://ca.na.speedtest.i3d.net:8080/speedtest/upload.php,34.0500,-118.2500
http://speedtestla.gemnet.mn:8080/speedtest/upload.php,34.0500,-118.2500
http://speedtest-lax.dedipath.com:8080/speedtest/upload.php,34.0500,-118.2500
http://speedtest.5x5tele.com:8080/speedtest/upload.php,34.0500,-118.2500
http://speedtest.lax.gigenet.com:8080/speedtest/upload.php,34.0500,-118.2500
http://speedtest.lax.genesisadaptive.com:8080/speedtest/upload.php,34.0500,-118.2500
http://speedtest-dc08.enzu.com:8080/speedtest/upload.php,34.0500,-118.2500
http://speedtest.lax.dmit.io:8080/speedtest/upload.php,34.0500,-118.2500
http://la.layeredserver.com:8080/speedtest/upload.php,34.0500,-118.2500
http://us-lax2-speedtest.hkserversolution.com:8080/speedtest/upload.php,34.0500,-118.2500
http://lax.porqueno.tv:8080/speedtest/upload.php,34.0500,-118.2500
http://st.lax.as201971.net:8080/speedtest/upload.php,34.0500,-118.2500
http://lax3.byci.ca:8080/speedtest/upload.php,34.0500,-118.2500
http://ookla.uia.net:8080/speedtest/upload.php,34.0633,-117.6509
http://speed-casper.vcn.com:8080/speedtest/upload.php,42.8667,-106.3125
http://speedtest2.mwtn.net:8080/speedtest/upload.php,42.8667,-106.3125
http://speedtest.lsan.ca.wtsky.net:8080/upload.aspx,33.8358,-118.3406
http://ookla1.anhmca.sprintadp.net:8080/speedtest/upload.php,33.8365,-117.9143
http://gillette.speed.vcn.com:8080/speedtest/upload.php,44.2828,-105.5053
http://speedtest.ccsd.k12.wy.us:8080/speedtest/upload.php,44.2828,-105.5053
http://speedtest.ccihq.net:8080/speedtest/upload.php,44.2828,-105.5053
http://speedtest.coloradomesa.edu:8080/speedtest/upload.php,39.0667,-108.5667
http://spt01gdjtco.gdjt.co.charter.com:8080/speedtest/upload.php,39.0667,-108.5667
http://speedtest.blacksun.ca:8080/speedtest/upload.php,52.1397,-106.6861
http://speedtest.littleloon.ca:8080/speedtest/upload.php,52.1397,-106.6861
http://speedtest.rd.oc.cox.net:8080/speedtest/upload.php,33.6402,-117.6028
http://speedtest2.elevatefiber.com:8080/speedtest/upload.php,38.7422,-108.0690
http://speedtest.coloradomtn.edu:8080/speedtest/upload.php,39.5500,-107.3167
http://speedtesthost.sasknet.sk.ca:8080/speedtest/upload.php,50.4547,-104.6067
http://speedtest.myaccess.ca:8080/speedtest/upload.php,50.4547,-104.6067
http://ookla.yqr.speedtest.spyrnetwork.com:8080/speedtest/upload.php,50.4547,-104.6067
http://speedtest1.elevatefiber.com:8080/speedtest/upload.php,38.4065,-107.8902
http://speedtest1.clearnetworx.net:8080/speedtest/upload.php,38.4065,-107.8902
http://speedtest.uwyo.edu:8080/speedtest/upload.php,41.3114,-105.5911
http://speedtest.wyomingwireless.com:8080/speedtest/upload.php,42.0544,-104.9528
http://st-wil.midco.net:8080/speedtest/upload.php,48.1564,-103.6281
http://flagstaff.speedtest.bluespanwireless.com:8080/speedtest/upload.php,35.1992,-111.6311
http://speedtest.townofmountainvillage.com:8080/speedtest/upload.php,37.9314,-107.8565
http://speedtest.spacelink.com:8080/speedtest/upload.php,32.7153,-117.1564
http://speedtest.rd.sd.cox.net:8080/speedtest/upload.php,32.7153,-117.1564
http://speedtest1.scalematrix.com:8080/speedtest/upload.php,32.7153,-117.1564
http://spd1.m5hosting.com:8080/speedtest/upload.php,32.7153,-117.1564
http://speedtest.ztelco.com:8080/speedtest/upload.php,32.7153,-117.1564
http://sp2.janusnetworks.com:8080/speedtest/upload.php,32.7153,-117.1564
http://prescott1.cabospeed.com:8080/speedtest/upload.php,34.5482,-112.4733
http://speedtest.trailblazerbroadband.com:8080/speedtest/upload.php,40.3728,-105.5192
http://speedtest.estesparkwebcams.com:8080/speedtest/upload.php,40.3728,-105.5192
http://speedtest.nccray.com:8080/speedtest/upload.php,48.3445,-103.1652
http://speed1.tij.attmex.mx:8080/speedtest/upload.php,32.5308,-117.0200
http://189.203.155.90:8080/speedtest/upload.php,32.5308,-117.0200
http://201.174.128.70:8080/speedtest/upload.php,32.5308,-117.0200
http://www.mie.mx:8080/speedtest/upload.php,32.5308,-117.0200
http://speedtest1-tijuana.triara.com:8080/speedtest/upload.php,32.5308,-117.0200
http://speedtest.tijuana.izzi.mx:8080/speedtest/upload.php,32.5308,-117.0200
http://cheyenne.speedtest.centurylink.net:8080/speedtest/upload.php,41.1456,-104.8019
http://spt01chynwy.chyn.wy.charter.com:8080/speedtest/upload.php,41.1456,-104.8019
http://speedtest.greenhousedata.com:8080/speedtest/upload.php,41.1456,-104.8019
http://speedtest.fcconnexion.com:8080/upload.php,40.5853,-105.0844
http://speed-torrington.vcn.com:8080/speedtest/upload.php,42.0625,-104.1844
http://speedtest.fasttrackcomm.net:8080/speedtest/upload.php,37.2753,-107.8794
http://speedtest.ctctel.com:8080/speedtest/upload.php,46.8792,-102.7896
http://st-rc.midco.net:8080/speedtest/upload.php,44.0762,-103.2283
http://speedtestrc.vastbroadband.com:8080/speedtest/upload.php,44.0762,-103.2283
http://speedtest-server-west.gwtc.net:8080/speedtest/upload.php,44.0762,-103.2283
http://speedtest.nunntel.com:8080/speedtest/upload.php,40.7036,-104.7808
http://201.171.245.5:8080/speedtest/upload.php,32.6517,-115.4789
http://speedtest.mexicali.izzi.mx:8080/speedtest/upload.php,32.6517,-115.4789
http://speedmxli.sitemexico.net:8080/speedtest/upload.php,32.6517,-115.4789
http://scb01-speedtest01.as15108.com:8080/speedtest/upload.php,41.8666,-103.6672
http://speedtest.den1.nitelusa.net:8080/speedtest/upload.php,39.7392,-104.9903
http://stosat-dvre-01.sys.comcast.net:8080/speedtest/upload.php,39.7392,-104.9903
http://sp1.aerux.com:8080/speedtest/upload.php,39.7392,-104.9903
http://ookla-denver.vistabeam.com:8080/speedtest/upload.php,39.7392,-104.9903
http://den11-speedtest01.as15108.com:8080/speedtest/upload.php,39.7392,-104.9903
http://speedtest.versonetworks.net:8080/speedtest/upload.php,39.7392,-104.9903
http://speedtest.den01.meanservers.net:8080/speedtest/upload.php,39.7392,-104.9903
http://speedtest.dnvr.co.wtsky.net:8080/speedtest/upload.php,39.7392,-104.9903
http://speedtest.910-telecom.wearexiber.com:8080/speedtest/upload.php,39.7392,-104.9903
http://lg.den2-c.fdcservers.net:8080/speedtest/upload.php,39.7392,-104.9903
http://ookla.forethought.net:8080/speedtest/upload.php,39.7392,-104.9903
http://speedtest.den.sharktech.net:8080/speedtest/upload.php,39.7392,-104.9903
http://speed-denver.vcn.com:8080/speedtest/upload.php,39.7392,-104.9903
http://speedtest-server-den.starry.com:8080/speedtest/upload.php,39.7392,-104.9903
http://ookla.vistabeam.com:8080/speedtest/upload.php,41.8264,-103.6578
http://rad0.zona.net:8080/speedtest/upload.php,33.5806,-112.2374
http://speedtest.aptalaska.net:8080/speedtest/upload.php,58.3833,-134.1833
http://speedtest.thesnowcloud.com:8080/speedtest/upload.php,58.3833,-134.1833
http://speedtest.peakview.rr.com:8080/speedtest/upload.php,39.5807,-104.8772
http://speedtest.mysacredwind.com:8080/speedtest/upload.php,35.5281,-108.7426
http://phx.hostingsupport.io:8080/speedtest/upload.php,33.4483,-112.0740
http://phoenix1.cabospeed.com:8080/speedtest/upload.php,33.4483,-112.0740
http://speedtest.rd.ph.cox.net:8080/speedtest/upload.php,33.4483,-112.0740
http://phx.host.speedtest.net:8080/speedtest/upload.php,33.4483,-112.0740
http://speedtest.1gservers.com:8080/speedtest/upload.php,33.4483,-112.0740
http://phx1sp1.qtsdatacenters.com:8080/speedtest/upload.php,33.4483,-112.0740
http://speedtest.phoenixnap.com:8080/speedtest/upload.php,33.4483,-112.0740
http://Speedtestphx.cytranet.net:8080/speedtest/upload.php,33.4483,-112.0740
http://speedtest.ioflood.com:8080/speedtest/upload.php,33.4483,-112.0740
http://speedtest.westriv.com:8080/speedtest/upload.php,47.2944,-101.6227
http://speedtest.cct-llc.net:8080/speedtest/upload.php,40.2303,-104.0733
http://ns1.ciello.com:8080/speedtest/upload.php,37.5772,-106.1458
http://lg.phoenix.rhzahra.com:8080/speedtest/upload.php,33.3062,-111.8413
http://speedtest.viaero.com:8080/speedtest/upload.php,40.2503,-103.8000
http://coloradosprings.speedtest.centurylink.net:8080/speedtest/upload.php,38.8339,-104.8208
http://speedtest.stratusiq.com:8080/speedtest/upload.php,38.8339,-104.8208
http://speedtest.pcisys.net:8080/speedtest/upload.php,38.8339,-104.8208
http://st-mot.midco.net:8080/speedtest/upload.php,48.2325,-101.2963
http://speedtest.gojade.org:8080/speedtest/upload.php,37.4694,-105.8700
http://speedtest.kci.net:8080/speedtest/upload.php,40.6255,-103.2077
http://nmpts-mox.bektel.com:8080/speedtest/upload.php,46.8267,-100.8896
http://speedtest.socolo.net:8080/speedtest/upload.php,38.0750,-104.9867
http://itdspeed1.nd.gov:8080/speedtest/upload.php,46.8083,-100.7837
http://prodqos_bis.bektel.com:8080/speedtest/upload.php,46.8083,-100.7837
http://bismarck.speedtest.centurylink.net/speedtest/upload.php,46.8133,-100.7790
http://speedtest.ghvalley.net:8080/speedtest/upload.php,37.9415,-104.9290
http://speed1.secom.net:8080/speedtest/upload.php,38.2669,-104.6203
http://speedtest.kitcarson.net:8080/speedtest/upload.php,36.3939,-105.5767
http://ookla.bektel.com:8080/speedtest/upload.php,46.8562,-99.9165
http://216.36.128.19:80/speedtest/upload.php,49.8333,-99.9500
http://speedtest.netset1.ca:8080/speedtest/upload.php,49.8333,-99.9500
http://speedtest.rionet.ca:8080/speedtest/upload.php,51.1500,-100.0497
http://speedtest1.nmsurf.com:8080/speedtest/upload.php,35.6870,-105.9378
http://speed-king.cybermesa.com:8080/speedtest/upload.php,35.6870,-105.9378
http://speedtest4.plateautel.net:8080/speedtest/upload.php,35.1107,-106.6100
http://speedtest.ixnm.net:8080/speedtest/upload.php,35.1107,-106.6100
http://stosat-albq-01.sys.comcast.net:8080/speedtest/upload.php,35.1107,-106.6100
http://albuquerque.speedtest.centurylink.net:8080/speedtest/upload.php,35.1107,-106.6100
http://sp1.login.com:8080/speedtest/upload.php,32.2217,-110.9264
http://tucson.speedtest.centurylink.net:8080/speedtest/upload.php,32.2217,-110.9264
http://tucson.speedtest.bluespan.com:8080/speedtest/upload.php,32.2217,-110.9264
http://sp1.simplybits.net:8080/speedtest/upload.php,32.2217,-110.9264
http://speedtest.daktel.com:8080/speedtest/upload.php,47.4500,-99.1239
http://sahuarita.speedtest.bluespan.com:8080/speedtest/upload.php,31.9576,-110.9556
http://speedtest.bwtelcom.net:8080/speedtest/upload.php,40.0472,-101.5332
http://st-dvl.midco.net:8080/speedtest/upload.php,48.1167,-98.8667
http://speedtest.gondtc.com:8080/speedtest/upload.php,48.1167,-98.8667
http://stosat-pima-01.sys.comcast.net:8080/speedtest/upload.php,32.5300,-109.4900
http://speedtest.vtc.net:8080/speedtest/upload.php,32.2529,-109.8320
http://wh-netspeed.nwtel.ca:8080/speedtest/upload.php,60.7167,-135.0500
http://speedtest.utma.com:8080/speedtest/upload.php,48.7600,-98.3681
http://gigtest.drtel.net:8080/speedtest/upload.php,46.0031,-98.5231
http://nogales.speedtest.bluespanwireless.com:8080/speedtest/upload.php,31.3404,-110.9343
http://201.174.27.254:8080/speedtest/upload.php,31.3403,-110.9336
http://speedtest.nog.megared.net.mx:8080/speedtest/upload.php,31.3011,-110.9381
http://st-abr.midco.net:8080/speedtest/upload.php,45.4647,-98.4865
http://speedtest.wavelengthinternet.com:8080/speedtest/upload.php,45.4647,-98.4865
http://speedcheck.nvc.net:8080/speedtest/upload.php,45.4647,-98.4865
http://speedtest.pnpt.com:8080/speedtest/upload.php,40.9277,-100.1607
http://speedtest1.st-tel.net:8080/speedtest/upload.php,39.3958,-101.0519
http://nmpts-val.bektel.com:8080/speedtest/upload.php,46.9233,-98.0032
http://speedtest.valleyfiber.ca:8080/speedtest/upload.php,49.1801,-97.9389
http://testspeed.nvc.net:8080/speedtest/upload.php,45.4475,-98.0987
http://74.50.143.6:8080/speedtest/upload.php,34.9387,-104.6825
http://st3.santel.net:8080/speedtest/upload.php,44.0536,-98.2756
http://yk-netspeed.nwtel.ca:8080/speedtest/upload.php,62.4422,-114.3975
http://yk-speedtest01.ssimicro.com:8080/speedtest/upload.php,62.4422,-114.3975
http://speedtest.mitchelltelecom.com:8080/speedtest/upload.php,43.7139,-98.0264
http://speedtest.wp.shawcable.net:8080/speedtest/upload.php,49.8833,-97.1500
http://wnpcfspd02.srvr.bell.ca:8080/speedtest/upload.php,49.8833,-97.1500
http://winnipeg.speedtest.telus.com:8080/speedtest/upload.php,49.8833,-97.1500
http://wnpcfspd01.srvr.bell.ca:8080/speedtest/upload.php,49.8833,-97.1500
http://sp.mts.net:8080/speedtest/upload.php,49.8833,-97.1500
http://st2a.les.net:8080/speedtest/upload.php,49.8833,-97.1500
http://sp1.voyageurinternet.ca:8080/speedtest/upload.php,49.8833,-97.1500
http://speed01.commstream.net:8080/speedtest/upload.php,49.8833,-97.1500
http://speedtest.ftnet.ca:8080/speedtest/upload.php,49.8833,-97.1500
http://speedtest.merlin.mb.ca:8080/speedtest/upload.php,49.8833,-97.1500
http://speedtest.swifthighspeed.com:8080/speedtest/upload.php,49.8951,-97.1384
http://st-gfk.midco.net:8080/speedtest/upload.php,47.9253,-97.0325
http://speedtest.pld.com:8080/speedtest/upload.php,37.5814,-101.3552
http://spt01krnyne.krny.ne.charter.com:8080/speedtest/upload.php,40.7571,-99.1087
http://itdspeed2.nd.gov:8080/speedtest/upload.php,46.8772,-96.7898
http://fargo1.cabospeed.com:8080/speedtest/upload.php,46.8772,-96.7898
http://st-far.midco.net:8080/speedtest/upload.php,46.8772,-96.7898
http://speedtest.bcbsnd.com:8080/speedtest/upload.php,46.8772,-96.7898
http://speedtest.dakotacarrier.com:8080/speedtest/upload.php,46.8772,-96.7894
http://speedtest-mini-1.702com.net:8080/speedtest/upload.php,46.8739,-96.7672
http://matisp.net:8080/speedtest/upload.php,33.1576,-105.7742
http://st-wtn.midco.net:8080/speedtest/upload.php,44.9033,-97.1206
http://speed.wiktel.com:8080/speedtest/upload.php,48.5775,-96.5206
http://speedtest.tularosa.net:8080/speedtest/upload.php,32.8995,-105.9603
http://speedtest.ptsi.net:8080/speedtest/upload.php,36.6853,-101.4794
http://st-ykn.midco.net:8080/speedtest/upload.php,42.8817,-97.3925
http://speedtest.esu10.org:8080/speedtest/upload.php,40.9264,-98.3420
http://speedtest.itctel.com:8080/speedtest/upload.php,44.7535,-96.6799
http://sp1.swiftel.net:8080/speedtest/upload.php,44.3064,-96.7881
http://hst01-speedtest01.as15108.com:8080/speedtest/upload.php,40.5863,-98.3899
http://speedtest2.plateautel.net:8080/speedtest/upload.php,33.3872,-104.5281
http://speedtest.fhsu.edu:8080/speedtest/upload.php,38.8794,-99.3223
http://ookla1.eaglecable.net:8080/speedtest/upload.php,38.8794,-99.3223
http://speedtest.conpoint.com:8080/speedtest/upload.php,42.0283,-97.4336
http://speed.hamilton.net:8080/speedtest/upload.php,40.8672,-98.0030
http://74.50.159.58:8080/speedtest/upload.php,34.4125,-103.2047
http://st-sf.midco.net:8080/speedtest/upload.php,43.5364,-96.7317
http://sioux-falls.speedtest.centurylink.net/speedtest/upload.php,43.5364,-96.7317
http://speedtest.sdncommunications.com:8080/speedtest/upload.php,43.5364,-96.7317
http://speedtest.vastbroadband.com:8080/speedtest/upload.php,43.5364,-96.7317
http://speedtest.yucca.net:8080/speedtest/upload.php,34.1822,-103.3386
http://201.174.42.38:8080/speedtest/upload.php,31.7903,-106.4233
http://speedtest.juarez.izzi.mx:8080/speedtest/upload.php,31.7333,-106.4750
http://201.174.42.70:8080/speedtest/upload.php,31.7333,-106.4750
http://speedtest1-juarez.triara.com:8080/speedtest/upload.php,31.7333,-106.4750
http://juarez.speedtest.totalplay.com.mx:8080/speedtest/upload.php,31.7333,-106.4750
http://speed.icentral.com.mx:8080/speedtest/upload.php,31.7333,-106.4750
http://speed.stered.mx:8080/speedtest/upload.php,31.7333,-106.4750
http://speedtest.alliancecom.net:8080/speedtest/upload.php,43.5947,-96.5720
http://speedtestjuarez.nidix.mx:8080/speedtest/upload.php,31.6904,-106.4245
http://ping.bntbroadband.com:8080/speedtest/upload.php,42.2306,-97.0178
http://speedtest.arvig.com:8080/speedtest/upload.php,46.5944,-95.5722
http://speedtest1-hermosillo.triara.com:8080/speedtest/upload.php,29.0833,-110.9500
http://speedtest.hmo.megared.net.mx:8080/speedtest/upload.php,29.0833,-110.9500
http://speedtest.stellarllc.net:8080/speedtest/upload.php,45.9669,-95.5940
http://speedy.awbb.net:8080/speedtest/upload.php,35.2219,-101.8308
http://speedtest37.suddenlink.net:8080/speedtest/upload.php,35.2219,-101.8308
http://speedtest.amaisd.org:8080/speedtest/upload.php,35.2219,-101.8308
http://speedtest.axigent.net:8080/speedtest/upload.php,35.2219,-101.8308
http://speedtest2.pvtn.net:8080/speedtest/upload.php,32.8422,-104.4028
http://speedtest2.nckcn.com:8080/speedtest/upload.php,39.4628,-98.1094
http://speedtest.premieronline.net:8080/speedtest/upload.php,43.0797,-96.1753
http://siouxcity1.cabospeed.com:8080/speedtest/upload.php,42.5000,-96.4003
http://speedtest.fibercomm.net:8080/speedtest/upload.php,42.5000,-96.4003
http://sioux-city.speedtest.centurylink.net:8080/speedtest/upload.php,42.5000,-96.4003
http://speedtest.wilsontelephone.com:8080/speedtest/upload.php,38.8250,-98.4753
http://st3.wcta.net:8080/speedtest/upload.php,46.6300,-95.0889
http://speedtest.longlines.com:8080/speedtest/upload.php,42.4036,-96.3586
http://speedtest1.paulbunyan.net:8080/speedtest/upload.php,47.4736,-94.8800
http://st-bmj.midco.net:8080/speedtest/upload.php,47.4736,-94.8800
http://speedtest.esu6.org:8080/speedtest/upload.php,40.7745,-97.0506
http://speed1.wiatel.net:8080/speedtest/upload.php,42.4781,-96.1817
http://hb.from-ks.com:8080/speedtest/upload.php,38.5870,-98.4112
http://myspeed.giantcomm.net:8080/speedtest/upload.php,37.6195,-99.1065
http://lnk11-speedtest01.as15108.com:8080/speedtest/upload.php,40.8106,-96.6803
http://st-lnk-1.binary.net:8080/speedtest/upload.php,40.8106,-96.6803
http://lnk-speedtest.networknebraska.net:8080/speedtest/upload.php,40.8106,-96.6803
http://lincoln02.speedtest.windstream.net:8080/speedtest/upload.php,40.8106,-96.6803
http://speedtest-lnk.futuretech.net:8080/speedtest/upload.php,40.8106,-96.6803
http://speedtest-lnk-ft.futuretech.net:8080/speedtest/upload.php,40.8106,-96.6803
http://speedtest.gpcom.com:8080/speedtest/upload.php,41.5444,-96.1247
http://speedtest.albanytel.com:8080/speedtest/upload.php,45.6300,-94.5700
http://speedtest.esu5.org:8080/speedtest/upload.php,40.2659,-96.7467
http://speedtest.vibrantbb.net:8080/speedtest/upload.php,45.1258,-94.5283
http://speed1.brainerd.net:8080/speedtest/upload.php,46.3581,-94.2008
http://speedtest.smunet.net:8080/speedtest/upload.php,43.1451,-95.1443
http://omaha.speedtest.centurylink.net:8080/speedtest/upload.php,41.2500,-96.0000
http://speedtest.nebraskalink.com:8080/speedtest/upload.php,41.2500,-96.0000
http://speedtest.rd.om.cox.net:8080/speedtest/upload.php,41.2500,-96.0000
http://speedtest-oma.futuretech.net:8080/speedtest/upload.php,41.2500,-96.0000
http://st-oma-1.binary.net:8080/speedtest/upload.php,41.2500,-96.0000
http://speedtest.ideatek.com:8080/speedtest/upload.php,38.0608,-97.9298
http://spt01stcdmn.stcd.mn.charter.com:8080/speedtest/upload.php,45.5574,-94.1859
http://speedguaymas.sitemexico.net:8080/speedtest/upload.php,27.9179,-110.9089
http://ookla2.eaglecable.net:8080/speedtest/upload.php,38.9172,-97.2139
http://speedtestlbk.vexusfiber.com:8080/speedtest/upload.php,33.5664,-101.8867
http://speedtest39.suddenlink.net:8080/speedtest/upload.php,33.5664,-101.8867
http://speedtest.esc17.net:8080/speedtest/upload.php,33.5664,-101.8867
http://speedtest.ctcak.net:8080/speedtest/upload.php,60.5424,-145.7525
http://speed.nutelecom.com:8080/speedtest/upload.php,44.3144,-94.4593
http://st-inf.midco.net:8080/speedtest/upload.php,48.5917,-93.4053
http://st-fmt.midco.net:8080/speedtest/upload.php,43.6522,-94.4611
http://speedtest.fibernetmonticello.com:8080/speedtest/upload.php,45.3057,-93.7942
http://speedtest.wtcks.com:8080/speedtest/upload.php,39.2019,-96.3047
http://speedtest.rd.ks.cox.net:8080/speedtest/upload.php,37.6922,-97.3372
http://speedtest-wichita.kanren.net:8080/speedtest/upload.php,37.6922,-97.3372
http://sp1.mwdata.net:8080/speedtest/upload.php,40.4122,-95.5197
http://speedtest.usinternet.com:8080/speedtest/upload.php,44.9133,-93.5031
http://lg-minn.fdcservers.net:8080/speedtest/upload.php,44.9133,-93.5031
http://speedtest2.aureon.com:8080/speedtest/upload.php,44.9133,-93.5031
http://speed.hcmed.org:8080/speedtest/upload.php,44.9133,-93.5031
http://bw.vrad.com:8080/speedtest/upload.php,44.8547,-93.4708
http://speedtest.cvinternet.net:8080/speedtest/upload.php,61.1308,-146.3483
http://st-cam.midco.net:8080/speedtest/upload.php,45.5728,-93.2244
http://187.130.159.221:8080/speedtest/upload.php,27.4939,-109.9389
http://speedtest.nescmn.net:8080/speedtest/upload.php,47.5324,-92.6235
http://st-paul.speedtest.centurylink.net:8080/speedtest/upload.php,44.9487,-93.1002
http://ookla1.stplmn.sprintadp.net:8080/speedtest/upload.php,44.9487,-93.1002
http://ookla1.enidok.sprintadp.net:8080/speedtest/upload.php,36.3956,-97.8784
http://speedtest.chisholmbb.com:8080/speedtest/upload.php,36.3956,-97.8784
http://speedtest.satel.usch.com:8080/speedtest/upload.php,38.6547,-96.1737
http://speedtest.gigabitmn.com:8080/speedtest/upload.php,44.7394,-93.1258
http://speedy.carleton.edu:8080/speedtest/upload.php,44.4583,-93.1616
http://speedtest2.rainbowtel.net:8080/speedtest/upload.php,39.6772,-95.4247
http://odessa1.cabospeed.com:8080/speedtest/upload.php,31.8457,-102.3676
http://speedtest.rlimn.com:8080/speedtest/upload.php,43.8727,-93.3013
http://speedtest-midland.wtconnect.com:8080/speedtest/upload.php,32.0051,-102.0992
http://speedtest.edlink18.net:8080/speedtest/upload.php,32.0051,-102.0992
http://speedtest.xstreamservices.com:8080/speedtest/upload.php,35.4714,-98.3556
http://speedtest.westex.coop:8080/speedtest/upload.php,32.1293,-101.7885
http://speedtest.cltel.com:8080/speedtest/upload.php,43.1436,-93.3788
http://speedtest.cltel.com:8080/speedtest/upload.php,43.1436,-93.3788
http://speedtest.pldi.net/speedtest/upload.php,35.8614,-97.9317
http://speedtest2.paulbunyan.net:8080/speedtest/upload.php,46.7833,-92.1064
http://duluth.speedtest.centurylink.net:8080/speedtest/upload.php,46.7833,-92.1064
http://speedtest.unitedfiber.com:8080/speedtest/upload.php,39.9417,-94.8302
http://st-ely.midco.net:8080/speedtest/upload.php,47.9032,-91.8671
http://speedtest.ics-llc.net:8080/speedtest/upload.php,42.0347,-93.6200
http://speedtest27.suddenlink.net:8080/speedtest/upload.php,39.7581,-94.8367
http://speedtest.aureon.com:8080/speedtest/upload.php,41.5908,-93.6208
http://speedtest.nexgencom.com:8080/speedtest/upload.php,41.5908,-93.6208
http://des-moines.speedtest.centurylink.net:8080/speedtest/upload.php,41.5908,-93.6208
http://speedtest1.dsm1.ippathways.net:8080/speedtest/upload.php,41.5908,-93.6208
http://speedtest.visionsystems.tv:8080/speedtest/upload.php,41.5908,-93.6208
http://sp1.icn.state.ia.us:8080/speedtest/upload.php,41.5908,-93.6208
http://speedtest.osage.net:8080/speedtest/upload.php,43.2841,-92.8191
http://201.174.18.202:8080/speedtest/upload.php,28.6322,-106.0708
http://chih.speedtest.totalplay.com.mx:8080/speedtest/upload.php,28.6322,-106.0708
http://201.96.126.225:8080/speedtest/upload.php,28.6322,-106.0708
http://speedtestchih.nidix.mx:8080/speedtest/upload.php,28.6322,-106.0708
http://sp01.orbitwifi.net:8080/speedtest/upload.php,28.6322,-106.0708
http://speedtestenlace.dyndns.org:8080/speedtest/upload.php,28.6322,-106.0708
http://speedtest1.rgfiber.net:8080/speedtest/upload.php,38.7775,-95.1875
http://speedtest.rochmnaa.metronetinc.com:8080/speedtest/upload.php,44.0121,-92.4802
http://rochester.speedtest.centurylink.net/speedtest/upload.php,44.0163,-92.4753
http://speedtest.colotel.org:8080/speedtest/upload.php,42.0145,-93.3186
http://speedtest.ctsiok.com:8080/speedtest/upload.php,36.1215,-97.0685
http://speedtest-ok.fidelitycommunications.com:8080/speedtest/upload.php,34.6036,-98.3959
http://okc-speedtest.onenet.net:8080/speedtest/upload.php,35.4675,-97.5164
http://speedtest.rd.ok.cox.net:8080/speedtest/upload.php,35.4675,-97.5164
http://sp1.dobson.net:8080/speedtest/upload.php,35.4675,-97.5164
http://speedtest2.grm.net:8080/speedtest/upload.php,40.7397,-93.7477
http://speedtest.upnfiber.com:8080/speedtest/upload.php,39.0997,-94.5783
http://kansascity1.cabospeed.com:8080/speedtest/upload.php,39.0997,-94.5783
http://speedtest.kansas.xiber.net:8080/speedtest/upload.php,39.0997,-94.5783
http://speedtest.nocix.net:8080/speedtest/upload.php,39.0997,-94.5783
http://speedtest-kc.kanren.net:80/speedtest/upload.php,39.0997,-94.5783
http://kansas-city.speedtest.centurylink.net/speedtest/upload.php,39.0997,-94.5783
http://speedtest.oecfiber.com:8080/speedtest/upload.php,35.2226,-97.4395
http://speedtest.chanute.org:8080/speedtest/upload.php,37.6792,-95.4572
http://speedtest.norvado.net:8080/speedtest/upload.php,46.2079,-91.2933
http://speedtest.waverlyutilities.com:8080/speedtest/upload.php,42.7272,-92.4668
http://stosat-indp-01.sys.comcast.net:8080/speedtest/upload.php,39.0911,-94.4155
http://speedtest.grm.net:8080/speedtest/upload.php,40.4008,-93.5805
http://speed1.pinnaclenetworksolutions.com:8080/speedtest/upload.php,33.8969,-98.5150
http://speedtest.wakewireless.com:8080/speedtest/upload.php,36.7473,-95.9808
http://speedtest.cfu.net:8080/speedtest/upload.php,42.5349,-92.4453
http://speedtest.airstreamcomm.net:8080/speedtest/upload.php,44.8167,-91.5000
http://spt01euclwi.eucl.wi.charter.com:8080/speedtest/upload.php,44.8167,-91.5000
http://speedtest.uwec.edu:8080/speedtest/upload.php,44.8167,-91.5000
http://sp1.spitwspots.com:8080/speedtest/upload.php,59.6431,-151.5258
http://er.speedtest.gci.net:8080/speedtest/upload.php,61.3293,-149.5680
http://speedtest.readlyntelco.com:8080/speedtest/upload.php,42.7037,-92.2254
http://speedtest.hbci.com:8080/speedtest/upload.php,44.0500,-91.6333
http://speedtest.anc.acsalaska.net:8080/speedtest/upload.php,61.2183,-149.8991
http://speedtest.gci.net:8080/speedtest/upload.php,61.2183,-149.8991
http://speedtest35.suddenlink.net:8080/speedtest/upload.php,32.4500,-99.7500
http://speedtest.wtconnect.com:8080/speedtest/upload.php,32.4500,-99.7500
http://speedtest-delicias.nidix.mx:8080/speedtest/upload.php,28.1871,-105.4595
http://speedtest.comcell.net:8080/speedtest/upload.php,33.5833,-98.4333
http://speedtest1.acentek.net:8080/speedtest/upload.php,43.7633,-91.5685
http://speedtest.heartlandtechnology.com:8080/speedtest/upload.php,42.4755,-92.0638
http://tul-speedtest.onenet.net:8080/speedtest/upload.php,36.1539,-95.9925
http://speedtest.okencore.com:8080/speedtest/upload.php,36.1539,-95.9925
http://speedtest.ckt.net:8080/speedtest/upload.php,37.5103,-94.8442
http://speedtest.verticalbroadband.com:8080/speedtest/upload.php,64.0378,-145.7322
http://speedtest41.suddenlink.net:8080/speedtest/upload.php,31.4500,-100.4500
http://speedtest.dp-is.com:8080/speedtest/upload.php,33.1071,-98.5895
http://speedtest.nemr.net:8080/speedtest/upload.php,40.2686,-92.9533
http://la-crosse.speedtest.centurylink.net:8080/speedtest/upload.php,43.8014,-91.2396
http://lacrosse2.speedtest.centurylink.net:8080/speedtest/upload.php,43.8014,-91.2396
http://speed.btcbroadband.com:8080/speedtest/upload.php,35.9609,-95.8783
http://speedtest.eastbuchanan.com:8080/speedtest/upload.php,42.4733,-91.7343
http://warrensburg.speedtest.centurylink.net:8080/speedtest/upload.php,38.7628,-93.7360
http://speedtest.optic-communications.com:8080/speedtest/upload.php,37.1692,-94.8441
http://speedtest.atccomm.net:8080/speedtest/upload.php,41.9969,-91.8621
http://speedtest.chickasawphone.net:8080/speedtest/upload.php,34.5092,-96.9753
http://speedtest.boltfiber.com:8080/speedtest/upload.php,36.6387,-95.1541
http://speedtest.k-powernet.com:8080/speedtest/upload.php,36.6387,-95.1541
http://speedtest1.alpinecom.net:8080/speedtest/upload.php,42.8539,-91.4054
http://sp1.ecolink.coop:8080/speedtest/upload.php,35.6267,-95.9515
http://187.130.142.177:8080/speedtest/upload.php,25.7900,-109.0000
http://speed.mercadowisp.mx:8080/speedtest/upload.php,25.7900,-109.0000
http://speedtest.arbucklecomm.com:8080/speedtest/upload.php,34.1743,-97.1436
http://speedtest.imon.net:8080/speedtest/upload.php,41.9779,-91.6656
http://cedar-rapids.speedtest.centurylink.net:8080/speedtest/upload.php,41.9779,-91.6656
http://speedtest.sstelco.com:8080/speedtest/upload.php,36.2929,-95.1533
http://joplin1.cabospeed.com:8080/speedtest/upload.php,37.0842,-94.5131
http://st1.liberty-connect.com:8080/speedtest/upload.php,37.0842,-94.5131
http://speedtest.nortex.com:8080/speedtest/upload.php,33.6508,-97.3756
http://st1.tbaytel.net:8080/speedtest/upload.php,48.3809,-89.2477
http://speedtest.lrecok.net:8080/speedtest/upload.php,35.9326,-95.1413
http://pg-speedtest.otelco.com:8080/speedtest/upload.php,38.8747,-92.9116
http://speedtest.cascadecomm.com:8080/speedtest/upload.php,42.2986,-91.0149
http://nidix-parral.webhop.net:8080/speedtest/upload.php,26.9318,-105.6666
http://sp1.co-mo.net:8080/speedtest/upload.php,38.6547,-92.7789
http://speedtest02.360broadband.net:8080/speedtest/upload.php,33.9924,-96.3971
http://ookla.renaissance.com:8080/speedtest/upload.php,44.3867,-89.8231
http://speedtest.cherokeecomm.com:8080/speedtest/upload.php,33.9345,-96.4286
http://speedtest.fbc-tele.com:8080/speedtest/upload.php,41.8317,-90.8382
http://speedtest.ucs.net:8080/speedtest/upload.php,32.4489,-97.7906
http://speedtest.1scom.com:8080/speedtest/upload.php,32.9342,-97.2293
http://columbia.speedtest.centurylink.net:8080/speedtest/upload.php,38.9517,-92.3341
http://speedtest.missouri.edu:8080/speedtest/upload.php,38.9516,-92.3286
http://speedtest1a.socket.net:8080/speedtest/upload.php,38.9516,-92.3286
http://speedtest.gobec.net:8080/speedtest/upload.php,36.6770,-93.8688
http://spt01ftwotx.ftwo.tx.charter.com:8080/speedtest/upload.php,32.7253,-97.3206
http://dfw1sp1.qtsdatacenters.com:8080/speedtest/upload.php,32.7253,-97.3206
http://ookla.ftwotx.sprintadp.net:8080/speedtest/upload.php,32.7253,-97.3206
http://speedtest.bellevueia.gov:8080/speedtest/upload.php,42.2589,-90.4258
http://sp1.diamondnetok.com:8080/speedtest/upload.php,35.4581,-94.7944
http://st01.athletics.uark.edu:8080/speedtest/upload.php,36.0822,-94.1719
http://speedtest.cstech.com:8080/speedtest/upload.php,41.6580,-90.5845
http://speedtest.remc1.net:8080/speedtest/upload.php,47.1219,-88.5689
http://ookla.isp.ozarksgo.net:8080/speedtest/upload.php,36.0626,-94.1574
http://speedtest.springnet.net:8080/speedtest/upload.php,37.1950,-93.2861
http://speedtest.syndeosolutions.com:8080/speedtest/upload.php,37.1950,-93.2861
http://speedtest.maqs.net:8080/speedtest/upload.php,43.7814,-89.5726
http://davenport.speedtest.centurylink.net:8080/speedtest/upload.php,41.5236,-90.5776
http://speedtest.dvnpiaaa.metronetinc.com:8080/speedtest/upload.php,41.5236,-90.5776
http://speedtest.limitlesscommunications.net:8080/speedtest/upload.php,34.2312,-95.6202
http://speedtest.totalhighspeed.com:8080/speedtest/upload.php,37.0453,-93.2989
http://speedtest.up.net:8080/speedtest/upload.php,46.7767,-88.4961
http://speedtest.lpaz.megared.net.mx:8080/speedtest/upload.php,24.1426,-110.3128
http://mansfield.speedtest.centurylink.net/speedtest/upload.php,32.5632,-97.1417
http://speedtest.ktis.net:8080/speedtest/upload.php,39.0181,-91.8971
http://myspeed.mhtc.net:8080/speedtest/upload.php,43.0086,-89.7385
http://speedtest.dal.hivelocity.net:8080/speedtest/upload.php,32.7828,-96.8039
http://dallas.tx.speedtest.frontier.com:8080/speedtest/upload.php,32.7766,-96.7969
http://dallas02.speedtest.windstream.net:8080/speedtest/upload.php,32.7766,-96.7969
http://speedtest.dal1.nitelusa.net:8080/speedtest/upload.php,32.7766,-96.7969
http://dallas1.cabospeed.com:8080/speedtest/upload.php,32.7766,-96.7969
http://speedtest.skybeamtx.com:8080/speedtest/upload.php,32.7766,-96.7969
http://dallasmetrospeedtest01.gmchosting.com:8080/speedtest/upload.php,32.7766,-96.7969
http://speedtest-dc04.enzu.com:8080/speedtest/upload.php,32.7766,-96.7969
http://ookla1.dllstx.sprintadp.net:8080/speedtest/upload.php,32.7766,-96.7969
http://dal-speedtest.transtelco.net:8080/upload.php,32.7766,-96.7969
http://dallas.speedtest.centurylink.net:8080/speedtest/upload.php,32.7766,-96.7969
http://dal.porqueno.tv:8080/speedtest/upload.php,32.7766,-96.7969
http://speedtest.903bb.com:8080/speedtest/upload.php,32.7766,-96.7969
http://speedtest.waveruralconnect.com:8080/speedtest/upload.php,35.4368,-94.3483
http://speedtest.mdtc.net:8080/speedtest/upload.php,40.4264,-90.7926
http://speedtest.as53597.net:8080/speedtest/upload.php,43.0667,-89.4000
http://cbios.co:8080/speedtest/upload.php,43.0667,-89.4000
http://speedtest.supranet.net:8080/speedtest/upload.php,43.0667,-89.4000
http://speed1.geneseo.com:8080/speedtest/upload.php,41.4500,-90.1533
http://sp1.pinncom.com:8080/speedtest/upload.php,35.3362,-94.1733
http://speedtest.cablemo.net:8080/speedtest/upload.php,37.8281,-92.1777
http://sp1.missouricom.co:8080/speedtest/upload.php,38.9103,-91.4482
http://speedtest.hctc.net/speedtest/upload.php,30.0774,-99.2403
http://speedtest.cln.megared.net.mx:8080/speedtest/upload.php,24.8000,-107.3833
http://187.130.142.181:8080/speedtest/upload.php,24.8000,-107.3833
http://killeen.speedtest.centurylink.net:8080/speedtest/upload.php,31.1171,-97.7278
http://speed.gatewayfiber.net:8080/speedtest/upload.php,38.9795,-90.9807
http://ironridge-speedtest.gobertram.com:8080/speedtest/upload.php,43.3997,-88.5326
http://speedtest-mrqt.merit.edu:8080/speedtest/upload.php,46.5567,-87.3978
http://speedtest.casscomm.com:8080/speedtest/upload.php,39.9512,-90.2123
http://speedtest.cellcom.com:8080/speedtest/upload.php,44.5133,-88.0158
http://speedtest.natconet.com:8080/speedtest/upload.php,36.2772,-92.5922
http://speedtest.misn.com:8080/speedtest/upload.php,37.9681,-91.3549
http://speedtest-mo.fidelitycommunications.com:8080/speedtest/upload.php,38.2081,-91.1604
http://speedtest.itv-3.com:8080/speedtest/upload.php,40.7208,-89.6094
http://ST1.stratusnet.com:8080/speedtest/upload.php,40.7208,-89.6094
http://speedtest.yelcot.net:8080/speedtest/upload.php,36.2831,-92.4900
http://speedtest05.suddenlink.net:8080/speedtest/upload.php,30.6511,-97.6814
http://speed.arkwest.com:8080/speedtest/upload.php,35.0540,-93.3935
http://spt01olvemo.stls.mo.charter.com:8080/speedtest/upload.php,38.8021,-90.6270
http://speedtest.atu.edu:8080/speedtest/upload.php,35.2784,-93.1338
http://sp3.bays-et.net:8080/speedtest/upload.php,38.4819,-90.7414
http://speedtest.ethoplex.com:8080/speedtest/upload.php,43.2231,-88.1203
http://speedtest.sycmilaa.metronetinc.com:8080/speedtest/upload.php,41.9889,-88.6868
http://randomlake-speedtest.gobertram.com:8080/speedtest/upload.php,43.5525,-87.9603
http://ookla1.austtx.sprintadp.net:8080/speedtest/upload.php,30.2500,-97.7500
http://speedtest.network.utexas.edu:8080/speedtest/upload.php,30.2500,-97.7500
http://speedtest.txed.net:8080/speedtest/upload.php,30.2500,-97.7500
http://mke.hostingsupport.io:8080/speedtest/upload.php,43.0500,-87.9500
http://speedtest-milw.ethoplex.com:8080/speedtest/upload.php,43.0500,-87.9500
http://ookla1.etex.net:8080/speedtest/upload.php,32.7287,-94.9424
http://speedtest01.suddenlink.net:8080/speedtest/upload.php,32.3500,-95.3000
http://sp1.npbnl.net:8080/speedtest/upload.php,36.3712,-91.8226
http://ookla1.snantx.sprintadp.net:8080/speedtest/upload.php,29.4167,-98.5000
http://216.183.48.205:8080/speedtest/upload.php,29.4167,-98.5000
http://stl.speedtest.contabo.net:8080/speedtest/upload.php,38.6270,-90.1994
http://speed.elitesystemsllc.com:8080/speedtest/upload.php,38.6272,-90.1978
http://speedtest1.cirbn.net:8080/speedtest/upload.php,40.5142,-88.9906
http://speedtest.bltnilaa.metronetinc.com:8080/speedtest/upload.php,40.4842,-88.9937
http://speedtest.oswgilaa.metronetinc.com:8080/speedtest/upload.php,41.6828,-88.3515
http://speedtest.603.sbaedge.net:8080/speedtest/upload.php,41.8848,-88.2040
http://speedtest.gomadison.com/speedtest/upload.aspx,39.0123,-89.7912
http://st3.swatco.com:8080/speedtest/upload.php,33.4331,-94.0206
http://litchfield1.cabospeed.com:8080/speedtest/upload.php,39.1753,-89.6543
http://speedtest.htc.net/speedtest/upload.php,38.3359,-90.1498
http://speedtest.chi.gigenet.com:8080/speedtest/upload.php,42.0950,-87.9809
http://speedtest.conwaycorp.net:8080/speedtest/upload.php,35.0872,-92.4533
http://speedtest.ord.genesisadaptive.com:8080/speedtest/upload.php,42.0039,-87.9703
http://speedtest1.ctifiber.com:8080/speedtest/upload.php,39.5408,-89.2881
http://speedtest.zochnet.com:8080/speedtest/upload.php,30.2874,-96.9808
http://201.96.126.213:8080/speedtest/upload.php,25.5500,-103.4667
http://speedtest.torreon.megared.net.mx:8080/speedtest/upload.php,25.5500,-103.4667
http://speedtest.neurotechmexico.com:8080/speedtest/upload.php,25.5500,-103.4667
http://speedy.southcentralconnect.net:8080/speedtest/upload.php,34.1209,-93.0538
http://st.indco.net:8080/speedtest/upload.php,35.7698,-91.6410
http://speedtest-tx.fidelitycommunications.com:8080/speedtest/upload.php,32.5540,-94.3745
http://speedtest09.suddenlink.net:8080/speedtest/upload.php,30.6014,-96.3144
http://speedtest.engr.tamu.edu:8080/speedtest/upload.php,30.6014,-96.3144
http://speedtest.wirestar.net:8080/speedtest/upload.php,30.6014,-96.3144
http://chicago.il.speedtest.frontier.com:8080/speedtest/upload.php,41.8369,-87.6847
http://stosat-chic-01.sys.comcast.net:8080/speedtest/upload.php,41.8369,-87.6847
http://chicago02.speedtest.windstream.net:8080/speedtest/upload.php,41.8369,-87.6847
http://speedtest.northcentraltower.com:8080/speedtest/upload.php,41.8369,-87.6847
http://speedtest.chcg.il.wtsky.net:8080/speedtest/upload.php,41.8369,-87.6847
http://chi1sp1.qtsdatacenters.com:8080/speedtest/upload.php,41.8369,-87.6847
http://lg.chi-c.fdcservers.net:8080/speedtest/upload.php,41.8369,-87.6847
http://st1.tzulo.com:8080/speedtest/upload.php,41.8369,-87.6847
http://chicago.speedtest.centurylink.net:8080/speedtest/upload.php,41.8369,-87.6847
http://sp.netinformatik.com:8080/speedtest/upload.php,41.8369,-87.6847
http://speedtest.ord6.servercentral.net:8080/speedtest/upload.php,41.8369,-87.6847
http://speedtest-dc02.enzu.com:8080/speedtest/upload.php,41.8369,-87.6847
http://il.na.speedtest.i3d.net:8080/speedtest/upload.php,41.8369,-87.6847
http://speedtest.ord.metapeer.com:8080/speedtest/upload.php,41.8369,-87.6847
http://speedtest.chicago.xiber.net:8080/speedtest/upload.php,41.8369,-87.6847
http://speedtest.hipointinc.com:8080/speedtest/upload.php,41.8369,-87.6847
http://ookla1.chcgil.sprintadp.net:8080/speedtest/upload.php,41.8369,-87.6847
http://stosat-lrck-01.sys.comcast.net:8080/speedtest/upload.php,34.7361,-92.3311
http://little-rock.speedtest.centurylink.net:8080/speedtest/upload.php,34.7361,-92.3311
http://lr02.speedtest.windstream.net:8080/speedtest/upload.php,34.7361,-92.3311
http://speedtest-ar.fidelitycommunications.com:8080/speedtest/upload.php,34.6227,-92.3945
http://remotespeedtest.oakforest.urbancom.net:8080/speedtest/upload.php,41.6028,-87.7439
http://speedtest.coloradovalley.com:8080/speedtest/upload.php,29.9055,-96.8766
http://speedtest.metrocomm.com:8080/speedtest/upload.php,39.5995,-88.6078
http://cmi.speedtest.pavlovmedia.net:8080/speedtest/upload.php,40.1130,-88.2612
http://speedtest.midsouthfiber.com:8080/speedtest/upload.php,30.3880,-96.0877
http://speedtest.volo.net:8080/speedtest/upload.php,40.1106,-88.2073
http://spd2.sctel.co:8080/speedtest/upload.php,27.5244,-99.4906
http://216.183.48.197:8080/speedtest/upload.php,27.5244,-99.4906
http://speedtest2.airbaud.net:8080/speedtest/upload.php,41.3672,-87.4383
http://201.96.126.209:8080/speedtest/upload.php,27.4748,-99.4972
http://shreveport.speedtest.centurylink.net:8080/speedtest/upload.php,32.5252,-93.7502
http://speedtest1.shsu.edu:8080/speedtest/upload.php,30.7235,-95.5508
http://speedtest21.suddenlink.net:8080/speedtest/upload.php,32.5178,-93.6914
http://187.130.142.173:8080/speedtest/upload.php,23.2167,-106.4167
http://mazatlan.speedtest.totalplay.com.mx:8080/speedtest/upload.php,23.2167,-106.4167
http://speedtest.afnfttx.net:8080/speedtest/upload.php,39.1331,-88.4720
http://sp1-montgomery.tachus.com:8080/speedtest/upload.php,30.3883,-95.6963
http://speedtest.186networks.net:8080/speedtest/upload.php,44.7681,-85.6222
http://macrotv.com.mx:8080/speedtest/upload.php,24.0200,-104.6700
http://201.96.126.205:8080/speedtest/upload.php,24.0200,-104.6700
http://newspeedtest.getritter.info:8080/speedtest/upload.php,35.8411,-90.6796
http://speedtest.astate.edu:8080/speedtest/upload.php,35.8411,-90.6796
http://speedtest23.suddenlink.net:8080/speedtest/upload.php,35.8411,-90.6796
http://ookla.empowerconn.com:8080/speedtest/upload.php,35.8411,-90.6796
http://dexter1.cabospeed.com:8080/speedtest/upload.php,36.7959,-89.9579
http://speedtest.paragould.net:8080/speedtest/upload.php,36.0584,-90.4973
http://speedtest.wabash.net:8080/speedtest/upload.php,38.7701,-88.5240
http://speedtest.cccwifi.com:8080/speedtest/upload.php,44.8956,-85.4165
http://speedtest2.acentek.net:8080/speedtest/upload.php,43.0161,-86.1267
http://spt01aldlmi.aldl.mi.charter.com:8080/speedtest/upload.php,43.0161,-86.1267
http://speedtest07.suddenlink.net:8080/speedtest/upload.php,30.3161,-95.4589
http://speedtest2.ictxnet.com:8080/speedtest/upload.php,30.3161,-95.4589
http://sp1-conroe.tachus.com:8080/speedtest/upload.php,30.3161,-95.4589
http://speedtest.hamiltoncom.net:8080/speedtest/upload.php,38.1981,-88.6845
http://speedtest.gosemofiber.com:8080/speedtest/upload.php,36.8767,-89.5879
http://speedtest.livcom.us:8080/speedtest/upload.php,30.7110,-94.9329
http://sp1-woodlands.tachus.com:8080/speedtest/upload.php,30.1658,-95.4613
http://ookla.infinium.coop:8080/speedtest/upload.php,28.8053,-97.0036
http://speedtest.truestreamfiber.us:8080/speedtest/upload.php,45.2167,-85.0139
http://speedtest.pemdunk.com:8080/speedtest/upload.php,36.2681,-89.9109
http://speedtest.hearstconnect.com:8080/speedtest/upload.php,49.6880,-83.6670
http://speedtest.tachus.com:8080/speedtest/upload.php,30.0542,-95.3869
http://sp1.summitdigital.net:8080/speedtest/upload.php,44.1936,-85.2134
http://speedtest.bloomingdalecom.net:8080/speedtest/upload.php,42.3833,-85.9592
http://wharton1.cabospeed.com:8080/speedtest/upload.php,29.3116,-96.1027
http://speedtest-gdrp.merit.edu:8080/speedtest/upload.php,42.9634,-85.6681
http://na-grr-ookla1.offsitedatasync.com:8080/speedtest/upload.php,42.9634,-85.6681
http://spdtst-southbend.fourway.net:8080/speedtest/upload.php,41.6725,-86.2553
http://speedtest-br.cc.nd.edu:8080/speedtest/upload.php,41.7001,-86.2379
http://speedtest.tcom.purdue.edu:8080/speedtest/upload.php,40.4259,-86.9081
http://sp1-kingwood.tachus.com:8080/speedtest/upload.php,30.0500,-95.1845
http://speedtest.wintek.com:8080/speedtest/upload.php,40.4167,-86.8753
http://ookla1.joink.com:8080/speedtest/upload.php,39.4667,-87.4139
http://sp1.teammidwestconnections.com:8080/speedtest/upload.php,41.9117,-86.0100
http://speedtest.southernbroadband.com:8080/speedtest/upload.php,29.7604,-95.3698
http://speedtest.entouch.net:8080/speedtest/upload.php,29.7631,-95.3631
http://stosat-hstn-01.sys.comcast.net:8080/speedtest/upload.php,29.7631,-95.3631
http://speedtest.pslightwave.com:8080/speedtest/upload.php,29.7631,-95.3631
http://houston.speedtest.centurylink.net:8080/speedtest/upload.php,29.7631,-95.3631
http://speedtest.ictxnet.com:8080/speedtest/upload.php,29.7631,-95.3631
http://lg-hou.fdcservers.net:8080/speedtest/upload.php,29.7631,-95.3631
http://speedtestPS.phonoscope.com:8080/speedtest/upload.php,29.7631,-95.3631
http://speedtest1-saltillo.triara.com:8080/speedtest/upload.php,25.4267,-100.9954
http://201.174.56.2:8080/speedtest/upload.php,25.4267,-100.9954
http://speedtest.shawneelink.net:8080/speedtest/upload.php,37.7339,-88.3434
http://alitech.ecatel.com.mx:8080/speedtest/upload.php,25.6746,-100.4423
http://speedtest.nsula.edu:8080/speedtest/upload.php,31.7607,-93.0863
http://187.190.244.18:8080/speedtest/upload.php,25.7799,-100.1853
http://speedtest.neoclan.net:8080/speedtest/upload.php,25.6866,-100.3161
http://speedtest.casair.net:8080/speedtest/upload.php,43.2925,-85.0814
http://speedtest.ppsfibernet.com:8080/speedtest/upload.php,37.0722,-88.6275
http://mtyspeedtest.axtel.mx:8080/speedtest/upload.php,25.6667,-100.3000
http://speedtest1-monterrey.triara.com:8080/speedtest/upload.php,25.6667,-100.3000
http://speed1.mty.attmex.mx:8080/speedtest/upload.php,25.6667,-100.3000
http://speedtest.telum.com.mx:8080/speedtest/upload.php,25.6667,-100.3000
http://internet4b.movistar.com.mx:8080/speedtest/upload.php,25.6667,-100.3000
http://stosat-malt-01.sys.comcast.net:8080/speedtest/upload.php,35.1495,-90.0490
http://speedtest02.ritternet.com:8080/speedtest/upload.php,35.3415,-89.8973
http://speed.mei.net:8080/speedtest/upload.php,42.4997,-85.4081
http://vincennes1.cabospeed.com:8080/speedtest/upload.php,38.6773,-87.5286
http://216.183.48.193:8080/speedtest/upload.php,27.7428,-97.4019
http://speedtest.mblinktx.net:8080/speedtest/upload.php,29.8477,-94.8908
http://speedtest.cmsinter.net:8080/speedtest/upload.php,43.5978,-84.7675
http://speedtest.winntel.com:8080/speedtest/upload.php,43.5978,-84.7675
http://monroe1.cabospeed.com:8080/speedtest/upload.php,32.5093,-92.1193
http://flitetest1.wktelecom.coop:8080/speedtest/upload.php,36.7417,-88.6367
http://speedtest1.ctstelecom.com:8080/speedtest/upload.php,42.2383,-85.3350
http://speedtest.weendeavor.com:8080/speedtest/upload.php,39.5148,-86.7939
http://speedtest.carrinter.net:8080/speedtest/upload.php,44.2743,-84.2352
http://speedtest.ruralconnectn.com:8080/speedtest/upload.php,35.7848,-89.1173
http://speedtest.kntpin04.metronetinc.com:8080/speedtest/upload.php,37.9772,-87.5506
http://fast.gibsonconnect.com:8080/speedtest/upload.php,35.9806,-88.9415
http://speed1.rtccom.com:8080/speedtest/upload.php,38.6647,-87.0579
http://speedtest.tecinfo.net:8080/speedtest/upload.php,33.4054,-90.8976
http://speedtest.smithville.com:8080/speedtest/upload.php,39.2339,-86.6250
http://speedtest.click1.net:8080/speedtest/upload.php,35.8198,-88.9159
http://newspeedtest.murray-ky.net:8080/speedtest/upload.php,36.6102,-88.3021
http://speedtest.sciremc.com:8080/speedtest/upload.php,39.4278,-86.4283
http://ookla.pcell.net:8080/speedtest/upload.php,41.9403,-85.0005
http://ookla.smithville.com:8080/speedtest/upload.php,39.1653,-86.5264
http://speedtest.lightbound.com:8080/speedtest/upload.php,39.7910,-86.1480
http://speedtest.iplwin75.metronetinc.com:8080/speedtest/upload.php,39.7910,-86.1480
http://speedtest.fiberindy.com:8080/speedtest/upload.php,39.7910,-86.1480
http://indianapolis.speedtest.centurylink.net:8080/speedtest/upload.php,39.7910,-86.1480
http://speedtest.unlimitednet.us:8080/speedtest/upload.php,39.7910,-86.1480
http://indy-sp1.midwest-ix.com:8080/speedtest/upload.php,39.7910,-86.1480
http://speedtest.bridgemaxx.com:8080/speedtest/upload.php,39.7910,-86.1480
http://speedtestmx.marcatel.com:8080/speedtest/upload.php,23.6345,-102.5528
http://speedtest1.spartan-net.com:8080/speedtest/upload.php,42.7335,-84.5467
http://speedtest.acd.net:8080/speedtest/upload.php,42.7335,-84.5467
http://speedtest.tvifiber.com:8080/speedtest/upload.php,34.3115,-89.9443
http://speedtest.eplus.net:8080/speedtest/upload.php,35.6331,-88.8208
http://speedtest-alpe.merit.edu:8080/speedtest/upload.php,45.0812,-83.4454
http://speedtest1.daystarr.net:8080/speedtest/upload.php,42.9978,-84.1767
http://fortwayne.in.speedtest.frontier.com:8080/speedtest/upload.php,41.0792,-85.1393
http://spd1.sctel.co:8080/speedtest/upload.php,26.2034,-98.2300
http://216.183.48.110:8080/speedtest/upload.php,26.2034,-98.2300
http://speedtest2.psci.net:8080/speedtest/upload.php,38.1711,-86.8092
http://216.183.48.125:8080/speedtest/upload.php,26.4814,-97.7831
http://ookla.myninestar.net:8080/upload.php,39.7850,-85.7694
http://speedtest.orangecountyfiber.coop:8080/speedtest/upload.php,38.6617,-86.4517
http://201.174.6.254:8080/speedtest/upload.php,26.0800,-98.2800
http://speedtest1-reynosa.triara.com:8080/speedtest/upload.php,26.0800,-98.2800
http://speedtest.olemiss.edu:8080/speedtest/upload.php,34.3597,-89.5261
http://speedtest.nesparc.com:8080/speedtest/upload.php,34.3597,-89.5261
http://speed1.belzonicable.net:8080/speedtest/upload.php,33.1843,-90.4893
http://speedtest25.suddenlink.net:8080/speedtest/upload.php,30.2147,-93.2086
http://speedtest.smta.cc:8080/speedtest/upload.php,41.2931,-84.7619
http://speedtest.hesenergy.net:8080/speedtest/upload.php,36.8656,-87.4886
http://ookla.schwartznet.com:8080/speedtest/upload.php,36.8656,-87.4886
http://myspeedtest.jacksonconnect.net:8080/speedtest/upload.php,38.8789,-86.0419
http://speedtest.rgv.gigabitx.com/speedtest/upload.php,26.1906,-97.6961
http://speedtest.umflint.edu:8080/speedtest/upload.php,43.0125,-83.6875
http://speedtest.telemedia.coop:8080/speedtest/upload.php,38.5051,-86.0169
http://winona1.cabospeed.com:8080/speedtest/upload.php,33.4821,-89.7281
http://speedtest.myfirstlight.com:8080/speedtest/upload.php,34.9343,-88.5223
http://speedtest.artelco.net:8080/speedtest/upload.php,41.2845,-84.3558
http://st01.maxxbb.net:8080/speedtest/upload.php,34.2479,-88.9987
http://speedtest.it.umich.edu:8080/speedtest/upload.php,42.2814,-83.7483
http://netdot.merit.edu:8080/speedtest/upload.php,42.2814,-83.7483
http://201.117.252.13:8080/speedtest/upload.php,22.7709,-102.5832
http://speedtest.nt.net:8080/speedtest/upload.php,48.4758,-81.3305
http://Speedtest.prentissconnect.com:8080/speedtest/upload.php,34.6582,-88.5667
http://speedtest.epbnet.com:8080/speedtest/upload.php,36.8453,-86.8872
http://d-pcommunications.com:8080/speedtest/upload.php,41.9011,-83.7150
http://speedtest.mlconnect.com:8080/speedtest/upload.php,35.7790,-87.4670
http://speedtest1.qsghosting.com:8080/speedtest/upload.php,42.6875,-83.2341
http://detrp-speedtest-01.noc.bhn.net:8080/speedtest/upload.php,42.3684,-83.3527
http://speedtest01.resa.net:8080/speedtest/upload.php,42.2814,-83.3864
http://sp1.bbtel.com:8080/speedtest/upload.php,37.8403,-85.9491
http://speedtest.jtmbroadband.net:8080/speedtest/upload.php,35.5479,-87.5520
http://speedtest-1.123.net:8080/speedtest/upload.php,42.4717,-83.2381
http://speedtest-sfld.merit.edu:8080/speedtest/upload.php,42.4717,-83.2381
http://speed-jxn1.cspirefiber.com:8080/speedtest/upload.php,32.2989,-90.1847
http://speedtest1.managedway.com:8080/speedtest/upload.php,42.5803,-83.1431
http://ookla1.clearrate.com:8080/speedtest/upload.php,42.5803,-83.1431
http://bgspeedtest.blue.net:8080/speedtest/upload.php,36.9817,-86.4444
http://getmyspeed.com:8080/speedtest/upload.php,40.5678,-84.1936
http://speedtest.amplex.net:8080/speedtest/upload.php,41.6656,-83.5753
http://speedtest.franklinepb.net:8080/speedtest/upload.php,36.7223,-86.5772
http://ookla1.miamioh.edu:8080/speedtest/upload.php,39.5075,-84.7467
http://sp1.fultontelephone.net:8080/speedtest/upload.php,34.2740,-88.4092
http://sp1.activesolutionsgroup.com:8080/speedtest/upload.php,42.3223,-83.1763
http://speedtest.lusfiber.net:8080/speedtest/upload.php,30.2139,-92.0294
http://speedtest.rocketfiber.com:8080/upload.php,42.3314,-83.0458
http://speedtest.wayne.edu:8080/speedtest/upload.php,42.3314,-83.0458
http://stosat-taylr-01.sys.comcast.net:8080/speedtest/upload.php,42.3314,-83.0458
http://ookla1.nsvltn.sprintadp.net:8080/speedtest/upload.php,36.1667,-86.7833
http://stosat-nash-01.sys.comcast.net:8080/speedtest/upload.php,36.1667,-86.7833
http://speedtest.iRisHarbor.com:8080/speedtest/upload.php,36.1667,-86.7833
http://speedtest.mnsi.net:8080/speedtest/upload.php,42.2833,-83.0000
http://speedtest1-tepic.triara.com:8080/speedtest/upload.php,20.8155,-105.1987
http://speedtest1.starinternet.net:8080/speedtest/upload.php,30.4913,-91.5196
http://speedtest01.its.msstate.edu:8080/speedtest/upload.php,33.4537,-88.7900
http://speedtest.cloud9wireless.net:8080/speedtest/upload.php,35.2423,-87.3347
http://rad0.lorettotel.net:8080/speedtest/upload.php,35.0779,-87.4397
http://speedtest.vianet.ca:8080/speedtest/upload.php,46.5220,-80.9530
http://speedtest1.scrtc.com:8080/speedtest/upload.php,36.9959,-85.9119
http://contacto-web.ecatel.com.mx:8080/speedtest/upload.php,21.5123,-103.4083
http://cn03tlv-spdtst03.cbtops.net:8080/html5/speedtest/upload.php,39.1619,-84.4569
http://speedtest.freedomfiber.com:8080/speedtest/upload.php,34.1423,-87.9886
http://speedtest.gosfieldtel.ca:8080/speedtest/upload.php,42.1330,-82.7500
http://speedtest.rd.br.cox.net:8080/speedtest/upload.php,30.4582,-91.1403
http://speedtest.united.net:8080/speedtest/upload.php,35.6282,-86.6962
http://speedtest.mveca.org:8080/speedtest/upload.php,39.8000,-83.9000
http://speed.nctc.com:8080/speedtest/upload.php,36.5256,-86.0261
http://speedtest.ohiotel.net:8080/speedtest/upload.php,41.5120,-82.9377
http://speedtest.mw-com.com:8080/speedtest/upload.php,35.4492,-86.7889
http://sptags01.coeficiente.mx:8080/speedtest/upload.php,21.8853,-102.2916
http://sp.nuevared.mx:8080/speedtest/upload.php,21.8842,-102.2911
http://speedtest1-aguascalientes.triara.com:8080/speedtest/upload.php,21.8842,-102.2911
http://speed.wibo.mx:8080/speedtest/upload.php,21.8842,-102.2911
http://speedtest1.hurontel.on.ca:8080/speedtest/upload.php,44.0688,-81.5914
http://courtland.sardistel.com:8080/speedtest/upload.php,34.6689,-87.3094
http://speedtest.cedarville.edu:8080/speedtest/upload.php,39.7442,-83.8085
http://speedtest.hay.net:8080/speedtest/upload.php,43.4214,-81.6258
http://speedtest.eatel.net:8080/speedtest/upload.php,30.2272,-90.9197
http://speedtest.fpunet.com:8080/speedtest/upload.php,35.1520,-86.5706
http://speedtest.twlakes.net:8080/speedtest/upload.php,36.3556,-85.6589
http://speedtest1.twinlakes.net:8080/speedtest/upload.php,36.3556,-85.6589
http://speedtest.lxtnkyaa.metronetinc.com:8080/speedtest/upload.php,38.0297,-84.4947
http://speedtest.mikrotec.com:8080/speedtest/upload.php,38.0297,-84.4947
http://lexington02.speedtest.windstream.net:8080/speedtest/upload.php,38.0297,-84.4947
http://spt01slidla.slid.la.charter.com:8080/speedtest/upload.php,30.5017,-90.4723
http://speedtest10g.hmd.slfiber.com:8080/speedtest/upload.php,30.5044,-90.4656
http://speedtesthmd.vexusfiber.com:8080/speedtest/upload.php,30.5044,-90.4656
http://speedtest.consolidated.coop:8080/speedtest/upload.php,40.5492,-82.8274
http://speedtest.lighttube.net:8080/speedtest/upload.php,35.3619,-86.2094
http://201.96.126.221:8080/speedtest/upload.php,22.1511,-100.9765
http://speed.quadsys.mx:8080/speedtest/upload.php,22.1511,-100.9765
http://speedtest.quadro.net:8080/speedtest/upload.php,43.3236,-81.3133
http://sp1.wightman.ca:8080/speedtest/upload.php,43.9692,-80.9792
http://speedtest.ezlink.ca:8080/speedtest/upload.php,43.4667,-81.2000
http://speedtest.ohiordc.rr.com:8080/speedtest/upload.php,39.9611,-82.9989
http://speedtest.ohiordc.rr.com:8080/speedtest/upload.php,39.9611,-82.9989
http://speedtest02.racksquared.com:8080/speedtest/upload.php,39.9611,-82.9989
http://speedy.az21.cloudpropeller.com:8080/speedtest/upload.php,39.9611,-82.9989
http://speedtest.brescobroadband.com:8080/speedtest/upload.php,39.9612,-82.9988
http://speedtest.zapopan.izzi.mx:8080/speedtest/upload.php,20.7167,-103.4000
http://speedcheck.blomand.net:8080/speedtest/upload.php,35.6866,-85.7801
http://intelinet.ecatel.com.mx:8080/speedtest/upload.php,21.2475,-102.3317
http://speedtest.megacable.com.mx:8080/speedtest/upload.php,20.6719,-103.4165
http://gdlspeedtest.axtel.mx:8080/speedtest/upload.php,20.6719,-103.4165
http://speedtest-gdl.transtelco.net:8080/speedtest/upload.php,20.6719,-103.4165
http://sp1.coeficiente.mx:8080/speedtest/upload.php,20.6719,-103.4165
http://speedtest1-guadalajara.triara.com:8080/speedtest/upload.php,20.6719,-103.4165
http://speedtest.gdlicanet.net.mx:8080/speedtest/upload.php,20.6719,-103.4165
http://speedtest.kanguroo.io:8080/speedtest/upload.php,20.6719,-103.4165
http://speed1.gdl.attmex.mx:8080/speedtest/upload.php,20.6719,-103.4165
